RowId,DwgId,DwgHandleLow,DwgHandleHigh,DwgSubIndex,RowClassName,PnPID
3404,3402,6529,0,0,Vessel,3405
3406,3402,6530,0,0,Vessel,3407
3408,3402,6531,0,0,Primary,3409
3414,3402,6534,0,0,Primary,3415
3418,3402,6539,0,0,Primary,3419
3426,3402,6550,0,0,Vessel,3427
3428,3402,6551,0,0,Primary,3429
3438,3402,6560,0,0,Primary,3439
3440,3402,6563,0,0,Primary,3441
3442,3402,6566,0,0,Primary,3443
3446,3402,6570,0,0,Primary,3447
3448,3402,6574,0,0,Primary,3449
3456,3402,6581,0,0,Primary,3457
3460,3402,6588,0,0,Primary,3461
3466,3402,6594,0,0,Primary,3467
3472,3402,6602,0,0,Vessel,3473
3474,3402,6603,0,0,Vessel,3475
3478,3402,6608,0,0,Vessel,3479
3482,3402,6609,0,0,Primary,3483
3488,3402,6613,0,0,Primary,3489
3492,3402,6618,0,0,Primary,3493
3494,3402,6622,0,0,Primary,3495
3501,3402,6626,0,0,Primary,3502
3505,3402,6630,0,0,Primary,3506
3507,3402,6634,0,0,Primary,3508
3513,3402,6637,0,0,Primary,3514
3517,3402,6641,0,0,Primary,3518
3519,3402,6645,0,0,Primary,3520
3525,3402,6652,0,0,Primary,3526
3527,3402,6655,0,0,FlexibleHose,3528
3531,3402,6656,0,0,Primary,3532
3533,3402,6661,0,0,FlexibleHose,3534
3583,3402,6690,0,0,GateValve,3584
3593,3402,6696,0,0,GateValve,3594
3608,3402,6703,0,0,Plug,3609
3610,3402,6704,0,0,GateValve,3611
3612,3402,6705,0,0,Plug,3613
3616,3402,6707,0,0,Plug,3617
3620,3402,6709,0,0,Plug,3621
3622,3402,6710,0,0,GateValve,3623
3624,3402,6711,0,0,Plug,3625
3626,3402,6712,0,0,GateValve,3627
3628,3402,6713,0,0,Plug,3629
3630,3402,6714,0,0,GateValve,3631
3632,3402,6715,0,0,Plug,3633
3634,3402,6716,0,0,GateValve,3635
3636,3402,6717,0,0,GateValve,3637
3638,3402,6718,0,0,Plug,3639
3640,3402,6719,0,0,GateValve,3641
3642,3402,6720,0,0,GateValve,3643
3644,3402,6721,0,0,Plug,3645
3646,3402,6722,0,0,GateValve,3647
3648,3402,6723,0,0,Plug,3649
3650,3402,6724,0,0,GateValve,3651
3652,3402,6725,0,0,GateValve,3653
3660,3402,6729,0,0,GateValve,3661
3672,3402,6735,0,0,FlexibleHose,3673
3674,3402,6736,0,0,FlexibleHose,3675
3676,3402,6737,0,0,GateValve,3677
3690,3402,6744,0,0,Plug,3691
3698,3402,6748,0,0,Plug,3699
3713,3402,6756,0,0,Plug,3714
3717,3402,6759,0,0,GateValve,3718
3719,3402,6760,0,0,GateValve,3720
3725,3402,6763,0,0,Plug,3726
3735,3402,6768,0,0,Plug,3736
3737,3402,6769,0,0,Plug,3738
3743,3402,6772,0,0,GateValve,3744
3745,3402,6773,0,0,GateValve,3746
3747,3402,6774,0,0,Plug,3748
3751,3402,6777,0,0,Plug,3752
3771,3402,6787,0,0,Plug,3772
3779,3402,6791,0,0,Plug,3780
3785,3402,6794,0,0,Plug,3786
3799,3402,6801,0,0,Plug,3801
3808,3402,6805,0,0,Plug,3809
3818,3402,6810,0,0,Plug,3819
3848,3402,6825,0,0,Plug,3849
3850,3402,6826,0,0,GateValve,3851
3854,3402,6828,0,0,GateValve,3855
3856,3402,6829,0,0,GateValve,3857
3858,3402,6830,0,0,GateValve,3859
3860,3402,6831,0,0,Plug,3861
3870,3402,6967,0,0,FlexibleHose,3871
3880,3402,6980,0,0,FlexibleHose,3881
3884,3402,6984,0,0,FlexibleHose,3885
3890,3402,6991,0,0,Vessel,3891
3935,3402,7059,0,0,FlowArrow,3936
3937,3402,7060,0,0,FlowArrow,3938
3953,3402,6832,0,0,GateValve,3954
3957,3402,6834,0,0,GateValve,3958
3959,3402,6835,0,0,GateValve,3960
3961,3402,6836,0,0,GateValve,3962
3965,3402,6838,0,0,GateValve,3966
3967,3402,6839,0,0,GateValve,3968
3969,3402,6840,0,0,Plug,3970
3971,3402,6841,0,0,GateValve,3972
3973,3402,6842,0,0,GateValve,3974
3975,3402,6843,0,0,GateValve,3976
3979,3402,6845,0,0,Plug,3980
3981,3402,6846,0,0,GateValve,3982
3987,3402,6849,0,0,GateValve,3988
3993,3402,6852,0,0,GateValve,3994
3997,3402,6854,0,0,GateValve,3998
3999,3402,6855,0,0,Plug,4001
4002,3402,6856,0,0,GateValve,4003
4008,3402,6864,0,0,GateValve,4009
4010,3402,6865,0,0,Plug,4011
4038,3402,6880,0,0,GateValve,4039
4040,3402,6881,0,0,GateValve,4041
4042,3402,6882,0,0,Plug,4043
4044,3402,6883,0,0,GateValve,4045
4046,3402,6884,0,0,GateValve,4047
4054,3402,6892,0,0,GateValve,4055
4056,3402,6893,0,0,GateValve,4057
4058,3402,6894,0,0,GateValve,4059
4060,3402,6895,0,0,Plug,4061
4062,3402,6896,0,0,Plug,4063
4064,3402,6897,0,0,GateValve,4065
4066,3402,6898,0,0,GateValve,4067
4068,3402,6899,0,0,GateValve,4069
4070,3402,6900,0,0,GateValve,4071
4072,3402,6901,0,0,Plug,4073
4074,3402,6902,0,0,GateValve,4075
4076,3402,6903,0,0,Plug,4077
4078,3402,6904,0,0,GateValve,4079
4080,3402,6905,0,0,GateValve,4081
4082,3402,6906,0,0,Plug,4083
4084,3402,6907,0,0,GateValve,4085
4086,3402,6908,0,0,GateValve,4087
4088,3402,6909,0,0,Plug,4089
4092,3402,6911,0,0,GateValve,4093
4094,3402,6912,0,0,Primary,4095
4109,3402,6927,0,0,Primary,4110
4115,3402,6934,0,0,Vessel,4116
4117,3402,6935,0,0,Vessel,4118
4157,3402,7097,0,0,Primary,4158
4159,3402,7100,0,0,Primary,4160
4161,3402,7103,0,0,Primary,4162
4163,3402,7106,0,0,Primary,4164
4165,3402,7109,0,0,Primary,4166
4169,3402,7115,0,0,Primary,4170
4171,3402,7118,0,0,Primary,4172
4175,3402,7127,0,0,FlowArrow,4176
4179,3402,7128,0,0,Primary,4180
4197,3402,7152,0,0,Primary,4198
4199,3402,7155,0,0,Primary,4201
4208,3402,7167,0,0,Primary,4209
4212,3402,7173,0,0,Primary,4213
4214,3402,7176,0,0,Primary,4215
4216,3402,7179,0,0,Primary,4217
4236,3402,7209,0,0,Primary,4237
4238,3402,7212,0,0,Primary,4239
4242,3402,7218,0,0,Primary,4243
4244,3402,7221,0,0,Primary,4245
4246,3402,7224,0,0,Primary,4247
4250,3402,7230,0,0,Primary,4251
4252,3402,7233,0,0,Primary,4253
4258,3402,7239,0,0,Primary,4259
4262,3402,7245,0,0,Primary,4263
4264,3402,7248,0,0,Primary,4265
4266,3402,7255,0,0,FlowArrow,4267
4268,3402,7252,0,0,Primary,4269
4280,3402,7269,0,0,Primary,4281
4282,3402,7272,0,0,Primary,4283
4284,3402,7275,0,0,Primary,4285
4288,3402,7281,0,0,Primary,4289
4290,3402,7285,0,0,Vessel,4291
4292,3402,7286,0,0,Vessel,4293
4298,3402,7329,0,0,FlowArrow,4299
4301,3402,7330,0,0,Primary,4302
4305,3402,7334,0,0,GateValve,4306
4309,3402,7336,0,0,CheckValve,4310
4311,3402,7337,0,0,GateValve,4312
4327,3402,7345,0,0,GateValve,4328
4329,3402,7346,0,0,GateValve,4330
4331,3402,7347,0,0,Weir,4332
4347,3402,4952,0,0,Primary,4348
4458,3402,7407,0,0,Primary,4459
4460,3402,7412,0,0,Primary,4461
4462,3402,7415,0,0,Primary,4463
4464,3402,7418,0,0,Primary,4465
4466,3402,7421,0,0,Primary,4467
4468,3402,7424,0,0,Primary,4469
4486,3402,7445,0,0,Primary,4487
4488,3402,7448,0,0,Primary,4489
4494,3402,7457,0,0,Primary,4495
4496,3402,7460,0,0,Primary,4497
4498,3402,7463,0,0,Primary,4499
4501,3402,7466,0,0,Primary,4502
4503,3402,7469,0,0,Primary,4504
4505,3402,7472,0,0,Primary,4506
4509,3402,7478,0,0,Primary,4510
4511,3402,7481,0,0,Primary,4512
4515,3402,7487,0,0,Primary,4516
6048,3402,14235,0,0,FlowArrow,6049
6050,3402,14236,0,0,GateValve,6051
6062,3402,15977,0,0,Annotation,6063
6066,3402,15991,0,0,GateValve,6067
6221,3402,18217,0,0,GateValve,6222
6249,3402,19241,0,0,GateValve,6250
6294,3402,23858,0,0,Annotation,6295
6301,3402,25693,0,0,Annotation,6302
6304,3402,25700,0,0,Annotation,6305
6306,3402,25707,0,0,Annotation,6307
6308,3402,25769,0,0,GateValve,6309
6314,3402,25791,0,0,OffPageConnector,6315
6326,3402,28590,0,0,OffPageConnector,6327
6334,3402,29578,0,0,Annotation,6335
6546,3402,39534,0,0,Software,6547
6548,3402,39535,0,0,Software,6549
6552,3402,39547,0,0,Software,6553
6554,3402,39548,0,0,Software,6555
6564,3402,39613,0,0,Flange,6565
6566,3402,39648,0,0,Flange,6567
6568,3402,39649,0,0,Flange,6569
6570,3402,39650,0,0,Flange,6571
6610,3402,39950,0,0,Software,6611
6621,3402,39956,0,0,Software,6622
6626,3402,39957,0,0,GateValve,6627
6629,3402,39960,0,0,Software,6630
6632,3402,39961,0,0,Primary,6633
6634,3402,39962,0,0,Primary,6635
6636,3402,39963,0,0,Primary,6637
6644,3402,39965,0,0,Primary,6645
6650,3402,39967,0,0,Primary,6651
6656,3402,39969,0,0,Primary,6657
6658,3402,39970,0,0,Primary,6659
6660,3402,39971,0,0,Primary,6661
6665,3402,39972,0,0,Primary,6666
6673,3402,39975,0,0,Primary,6674
6675,3402,39976,0,0,Primary,6676
6677,3402,39977,0,0,Primary,6678
6685,3402,39979,0,0,Primary,6686
6687,3402,39980,0,0,Primary,6688
6691,3402,39982,0,0,Primary,6692
6695,3402,39984,0,0,Primary,6696
6699,3402,39986,0,0,Primary,6701
6702,3402,39987,0,0,Primary,6703
6733,3402,40044,0,0,Primary,6734
6741,3402,40047,0,0,Primary,6742
6743,3402,40048,0,0,Primary,6744
6750,3402,40050,0,0,Primary,6751
6760,3402,40054,0,0,Primary,6761
6777,3402,40139,0,0,FlowArrow,6778
6783,3402,40142,0,0,Primary,6784
6839,3402,40511,0,0,Software,6840
7011,3402,41207,0,0,GateValve,7012
7019,3402,41220,0,0,Primary,7020
7023,3402,41231,0,0,Software,7024
7025,3402,41232,0,0,Software,7026
7054,3402,41968,0,0,GateValve,7055
7060,3402,41979,0,0,GateValve,7061
7068,3402,42169,0,0,GateValve,7069
7072,3402,42180,0,0,GateValve,7073
7084,3402,42296,0,0,CheckValve,7085
7090,3402,42368,0,0,GateValve,7091
7101,3402,42460,0,0,GateValve,7102
7103,3402,42471,0,0,GateValve,7104
7113,3402,42557,0,0,GateValve,7114
7117,3402,42568,0,0,GateValve,7118
7129,3402,42727,0,0,GateValve,7130
7137,3402,42746,0,0,GateValve,7138
7149,3402,42880,0,0,GateValve,7150
7153,3402,42891,0,0,GateValve,7154
7202,3402,63987,0,0,Vessel,7203
7259,3402,72388,0,0,Annotation,7260
7262,3402,73753,0,0,Annotation,7263
7291,3402,74785,0,0,FlowArrow,7292
7306,3402,74967,0,0,Primary,7307
7321,3402,75024,0,0,GateValve,7322
7327,3402,75039,0,0,ConcentricReducer,7328
7333,3402,75067,0,0,Primary,7334
7337,3402,80989,0,0,ConcentricReducer,7338
7349,3402,83250,0,0,CentrifugalPump,7350
7355,3402,85354,0,0,Annotation,7356
7364,3402,88877,0,0,ElectricMotor,7365
7371,3402,91208,0,0,Annotation,7372
7385,3402,96224,0,0,FlexibleHose,7386
7393,3402,100739,0,0,Annotation,7394
7395,3402,100756,0,0,Annotation,7396
7404,3402,116953,0,0,FieldMountedDCS,7405
7406,3402,117007,0,0,FieldMountedDCS,7407
7410,3402,117035,0,0,FieldMountedDCS,7411
7416,3402,117077,0,0,FieldMountedDCS,7417
7430,3402,124004,0,0,FlowArrow,7431
7432,3402,124045,0,0,FieldMountedDCS,7433
7434,3402,124059,0,0,FieldMountedDCS,7435
7447,3402,124081,0,0,FieldMountedDCS,7448
7449,3402,124095,0,0,FieldMountedDCS,7450
7453,3402,124165,0,0,FieldMountedDCS,7454
7455,3402,124179,0,0,FlowArrow,7456
7461,3402,124189,0,0,ConcentricReducer,7462
7463,3402,124182,0,0,Annotation,7464
7469,3402,124234,0,0,Primary,7470
7602,3402,124311,0,0,FlexibleHose,7603
7610,3402,124365,0,0,GateValve,7611
7620,3402,124437,0,0,FieldMountedDCS,7621
7624,3402,124499,0,0,ConcentricReducer,7625
7626,3402,124500,0,0,Primary,7627
7629,3402,124501,0,0,Primary,7630
7631,3402,124523,0,0,Primary,7632
7635,3402,124525,0,0,Primary,7636
7640,3402,124575,0,0,ConcentricReducer,7641
7642,3402,124576,0,0,Primary,7643
7644,3402,124593,0,0,FieldMountedDCS,7645
7646,3402,124607,0,0,FieldMountedDCS,7647
7654,3402,124664,0,0,Primary,7655
7657,3402,124666,0,0,Primary,7658
7659,3402,124667,0,0,Primary,7660
7661,3402,124671,0,0,Primary,7662
7676,3402,124702,0,0,FlowArrow,7677
7678,3402,124713,0,0,GateValve,7679
7713,3402,124865,0,0,FieldMountedDCS,7714
7717,3402,124893,0,0,ConcentricReducer,7718
7729,3402,125038,0,0,Primary,7730
7731,3402,125039,0,0,FieldMountedDCS,7732
7733,3402,125094,0,0,Primary,7734
7736,3402,125095,0,0,FieldMountedDCS,7737
7738,3402,125109,0,0,FieldMountedDCS,7739
7740,3402,125204,0,0,FieldMountedDCS,7741
7742,3402,125218,0,0,FieldMountedDCS,7743
7746,3402,125279,0,0,ConcentricReducer,7747
7770,3402,125425,0,0,ConcentricReducer,7771
7797,3402,125556,0,0,GateValve,7798
7810,3402,125616,0,0,FlangedNozzle,7811
7812,3402,125618,0,0,FieldMountedDCS,7813
7814,3402,125673,0,0,FieldMountedDCS,7815
7816,3402,125687,0,0,Primary,7817
7826,3402,125777,0,0,ElectricMotor,7827
7830,3402,125770,0,0,Annotation,7831
7833,3402,125901,0,0,Annotation,7834
7835,3402,125908,0,0,ElectricMotor,7836
7839,3402,125865,0,0,Annotation,7840
7841,3402,125872,0,0,CentrifugalPump,7842
7847,3402,125992,0,0,FieldMountedDCS,7848
7849,3402,126006,0,0,Primary,7850
7851,3402,126007,0,0,Primary,7852
7853,3402,126008,0,0,Primary,7854
7902,3402,126110,0,0,FieldMountedDCS,7903
7904,3402,126125,0,0,FieldMountedDCS,7905
7912,3402,126169,0,0,ConcentricReducer,7913
7916,3402,126189,0,0,Primary,7917
7924,3402,126193,0,0,Primary,7925
7928,3402,126201,0,0,ConcentricReducer,7929
7930,3402,126202,0,0,Primary,7931
7933,3402,126203,0,0,Primary,7934
7935,3402,126219,0,0,Primary,7936
7940,3402,126227,0,0,ConcentricReducer,7941
7942,3402,126228,0,0,Primary,7943
7946,3402,126276,0,0,ConcentricReducer,7947
7952,3402,126279,0,0,Primary,7953
7956,3402,126281,0,0,Primary,7957
7958,3402,126282,0,0,FlangedNozzle,7959
7962,3402,126347,0,0,ConcentricReducer,7963
7964,3402,126348,0,0,Primary,7965
7968,3402,126396,0,0,ConcentricReducer,7969
7970,3402,126397,0,0,Primary,7971
7974,3402,126423,0,0,GateValve,7975
7978,3402,126467,0,0,ConcentricReducer,7979
7980,3402,126468,0,0,Primary,7981
7984,3402,126479,0,0,GateValve,7985
7986,3402,126603,0,0,ElectricMotor,7987
7990,3402,126560,0,0,Annotation,7991
7992,3402,126596,0,0,Annotation,7993
7994,3402,126567,0,0,CentrifugalPump,7995
8001,3402,126732,0,0,FieldMountedDCS,8002
8009,3402,135272,0,0,GateValve,8010
8017,3402,135282,0,0,ConcentricReducer,8018
8019,3402,135283,0,0,Primary,8020
8023,3402,135294,0,0,GateValve,8024
8030,3402,135345,0,0,FIELDCS2,8031
8032,3402,135399,0,0,FIELDCS2,8033
8034,3402,135413,0,0,FIELDCS2,8035
8036,3402,135507,0,0,FIELDCS2,8037
8040,3402,135528,0,0,ConcentricReducer,8041
8042,3402,135529,0,0,Primary,8043
8046,3402,135540,0,0,GateValve,8047
8050,3402,135551,0,0,GateValve,8051
8054,3402,135559,0,0,ConcentricReducer,8055
8070,3402,135619,0,0,ConcentricReducer,8071
8076,3402,135628,0,0,ConcentricReducer,8077
8078,3402,135629,0,0,Primary,8079
8082,3402,135640,0,0,GateValve,8083
8086,3402,135651,0,0,GateValve,8087
8088,3402,135652,0,0,FIELDCS2,8089
8092,3402,135756,0,0,GateValve,8093
8096,3402,135764,0,0,ConcentricReducer,8097
8101,3402,135766,0,0,Primary,8102
8112,3402,147728,0,0,FIELDDCS3,8113
8115,3402,147742,0,0,FIELDDCS3,8116
8119,3402,147806,0,0,GateValve,8120
8125,3402,147858,0,0,GateValve,8126
8131,3402,147867,0,0,ConcentricReducer,8132
8133,3402,147868,0,0,Primary,8134
8137,3402,147922,0,0,GateValve,8138
8141,3402,154069,0,0,Annotation,8142
8143,3402,160105,0,0,Annotation,8144
8145,3402,163128,0,0,Annotation,8146
8147,3402,163138,0,0,Annotation,8148
8149,3402,163148,0,0,Annotation,8150
8151,3402,163158,0,0,Annotation,8152
8157,3402,163224,0,0,ConcentricReducer,8158
8161,3402,163232,0,0,Primary,8162
8165,3402,169292,0,0,CheckValve,8166
8170,3402,169303,0,0,Annotation,8171
8174,3402,175457,0,0,Annotation,8175
8178,3402,175477,0,0,Annotation,8179
8182,3402,175504,0,0,ConcentricReducer,8183
8186,3402,175505,0,0,Primary,8187
8188,3402,178581,0,0,Annotation,8189
8192,3402,178595,0,0,Annotation,8193
8194,3402,178602,0,0,Annotation,8195
8196,3402,178609,0,0,FIELDCS2,8197
8198,3402,178623,0,0,FIELDCS2,8199
8201,3402,178637,0,0,FIELDDCS3,8202
8203,3402,178691,0,0,Annotation,8204
8205,3402,178701,0,0,Annotation,8206
8207,3402,178708,0,0,Annotation,8208
8209,3402,178718,0,0,Annotation,8210
8211,3402,178728,0,0,Annotation,8212
8213,3402,178735,0,0,Annotation,8214
8215,3402,178745,0,0,Annotation,8216
8217,3402,178792,0,0,FIELDCS2,8218
8219,3402,178806,0,0,FIELDCS2,8220
8221,3402,178827,0,0,ConcentricReducer,8222
8223,3402,178820,0,0,Annotation,8224
8225,3402,178828,0,0,Primary,8226
8227,3402,178829,0,0,FieldMountedDCS,8228
8229,3402,178883,0,0,Annotation,8230
8231,3402,178893,0,0,Annotation,8232
8233,3402,178900,0,0,ConcentricReducer,8234
8235,3402,178901,0,0,Primary,8236
8237,3402,178902,0,0,FIELDCS2,8238
8239,3402,178916,0,0,Annotation,8240
8269,3402,182147,0,0,AngleValve,8270
8278,3402,188791,0,0,Annotation,8279
8280,3402,191954,0,0,AngleValve,8281
8282,3402,191941,0,0,Annotation,8283
8284,3402,191995,0,0,FIELDCS2,8285
8286,3402,192009,0,0,FIELDCS2,8287
8288,3402,192023,0,0,FIELDCS2,8289
8290,3402,192078,0,0,FIELDCS2,8291
8292,3402,192092,0,0,FIELDCS2,8293
8294,3402,192146,0,0,Annotation,8295
8296,3402,192156,0,0,Annotation,8297
8298,3402,192166,0,0,Annotation,8299
8301,3402,192176,0,0,Annotation,8302
8303,3402,192186,0,0,Annotation,8304
8305,3402,192193,0,0,Annotation,8306
8307,3402,192268,0,0,Annotation,8308
8309,3402,192275,0,0,Annotation,8310
8311,3402,192285,0,0,Annotation,8312
8313,3402,192295,0,0,Annotation,8314
8315,3402,192305,0,0,Annotation,8316
8317,3402,192315,0,0,Annotation,8318
8319,3402,192322,0,0,Annotation,8320
8321,3402,192332,0,0,Annotation,8322
8323,3402,192342,0,0,Annotation,8324
8325,3402,192349,0,0,Annotation,8326
8327,3402,192359,0,0,Annotation,8328
8329,3402,192369,0,0,Annotation,8330
8331,3402,192376,0,0,Annotation,8332
8333,3402,192383,0,0,Annotation,8334
8335,3402,192390,0,0,Annotation,8336
8337,3402,192397,0,0,Annotation,8338
8339,3402,192404,0,0,Annotation,8340
8341,3402,192411,0,0,Annotation,8342
8343,3402,192418,0,0,Annotation,8344
8406,3402,192565,0,0,FlowArrow,8407
8408,3402,192573,0,0,ConcentricReducer,8409
8410,3402,192566,0,0,Annotation,8411
8414,3402,192575,0,0,Annotation,8415
8416,3402,192585,0,0,Annotation,8417
8418,3402,192592,0,0,Annotation,8419
8420,3402,192602,0,0,Annotation,8421
8422,3402,192609,0,0,Annotation,8423
8424,3402,192616,0,0,Annotation,8425
8430,3402,192720,0,0,CheckValve,8431
8437,3402,192772,0,0,Annotation,8438
8439,3402,192792,0,0,CheckValve,8440
8441,3402,192782,0,0,Annotation,8442
8445,3402,192841,0,0,ConcentricReducer,8446
8447,3402,192834,0,0,Annotation,8448
8451,3402,192843,0,0,Primary,8452
8453,3402,192844,0,0,Annotation,8454
8455,3402,192854,0,0,Annotation,8456
8457,3402,192864,0,0,Annotation,8458
8459,3402,192871,0,0,ConcentricReducer,8460
8461,3402,192872,0,0,Primary,8462
8463,3402,192873,0,0,Annotation,8464
8465,3402,192883,0,0,Annotation,8466
8467,3402,192893,0,0,Annotation,8468
8469,3402,192900,0,0,ConcentricReducer,8470
8473,3402,192902,0,0,FieldMountedDCS,8474
8477,3402,192984,0,0,Annotation,8478
8479,3402,192991,0,0,CentrifugalPump,8480
8484,3402,193035,0,0,Annotation,8485
8486,3402,193042,0,0,ElectricMotor,8487
8489,3402,193058,0,0,FIELDDCS3,8490
8491,3402,193112,0,0,FIELDCS2,8492
8493,3402,193126,0,0,FieldMountedDCS,8494
8495,3402,193140,0,0,Annotation,8496
8497,3402,193147,0,0,ConcentricReducer,8498
8499,3402,193148,0,0,Primary,8501
8502,3402,193149,0,0,Annotation,8503
8504,3402,193159,0,0,FIELDCS2,8505
8511,3402,193181,0,0,Annotation,8512
8513,3402,193188,0,0,ConcentricReducer,8514
8515,3402,193189,0,0,Primary,8516
8517,3402,193190,0,0,Annotation,8518
8519,3402,193238,0,0,CheckValve,8520
8521,3402,193228,0,0,Annotation,8522
8529,3402,193251,0,0,Annotation,8530
8531,3402,193261,0,0,Annotation,8532
8539,3402,193280,0,0,Annotation,8540
8542,3402,193314,0,0,Annotation,8543
8545,3402,193356,0,0,FIELDCS2,8546
8547,3402,193403,0,0,Annotation,8548
8549,3402,193410,0,0,ConcentricReducer,8550
8551,3402,193411,0,0,Primary,8552
8553,3402,193412,0,0,Annotation,8554
8555,3402,193419,0,0,ConcentricReducer,8556
8563,3402,193472,0,0,Annotation,8564
8565,3402,193522,0,0,Annotation,8566
8567,3402,193532,0,0,Annotation,8568
8569,3402,193539,0,0,ConcentricReducer,8570
8571,3402,193540,0,0,Primary,8572
8573,3402,193541,0,0,FIELDDCS3,8574
8575,3402,193555,0,0,FIELDCS2,8576
8577,3402,193569,0,0,FIELDCS2,8578
8579,3402,193624,0,0,FieldMountedDCS,8580
8581,3402,193638,0,0,Primary,8582
8584,3402,193639,0,0,FieldMountedDCS,8585
8586,3402,193653,0,0,FieldMountedDCS,8587
8588,3402,193667,0,0,Primary,8589
8593,3402,193807,0,0,Annotation,8594
8598,3402,193846,0,0,Primary,8599
8605,3402,193861,0,0,ConcentricReducer,8606
8607,3402,193854,0,0,Annotation,8608
8609,3402,193862,0,0,Primary,8610
8611,3402,193863,0,0,Annotation,8612
8614,3402,193901,0,0,Annotation,8615
8616,3402,193908,0,0,ConcentricReducer,8617
8618,3402,193909,0,0,Primary,8619
8620,3402,193910,0,0,FieldMountedDCS,8621
8622,3402,193924,0,0,Annotation,8623
8651,3402,193987,0,0,FieldMountedDCS,8652
8653,3402,194001,0,0,Primary,8654
8655,3402,194002,0,0,Primary,8656
8659,3402,194006,0,0,Electrical,8660
8662,3402,194051,0,0,Primary,8663
8669,3402,194095,0,0,FieldMountedDCS,8670
8671,3402,194109,0,0,Primary,8672
8676,3402,194138,0,0,OffPageConnector,8677
8680,3402,194174,0,0,Annotation,8681
8683,3402,194191,0,0,ConcentricReducer,8684
8685,3402,194184,0,0,Annotation,8686
8687,3402,194192,0,0,Primary,8688
8689,3402,194193,0,0,Annotation,8690
8692,3402,194203,0,0,Annotation,8693
8695,3402,194213,0,0,Annotation,8696
8698,3402,194224,0,0,Annotation,8699
8702,3402,194234,0,0,FIELDCS2,8703
8704,3402,194248,0,0,Annotation,8705
8715,3402,194309,0,0,ConcentricReducer,8716
8717,3402,194302,0,0,Annotation,8718
8719,3402,194310,0,0,Primary,8720
8721,3402,194311,0,0,Primary,8722
8723,3402,194312,0,0,Primary,8724
8725,3402,194313,0,0,Primary,8726
8730,3402,194315,0,0,Primary,8731
8737,3402,194321,0,0,FIELDCS2,8738
8739,3402,194335,0,0,Annotation,8740
8741,3402,194342,0,0,ConcentricReducer,8742
8743,3402,194343,0,0,Primary,8744
8745,3402,194387,0,0,Annotation,8746
8747,3402,194394,0,0,ConcentricReducer,8748
8749,3402,194395,0,0,Primary,8750
8753,3402,194397,0,0,Annotation,8754
8755,3402,194404,0,0,ConcentricReducer,8756
8757,3402,194405,0,0,Primary,8758
8759,3402,194406,0,0,Primary,8760
8762,3402,194407,0,0,FIELDCS2,8763
8764,3402,194421,0,0,FIELDDCS3,8765
8766,3402,194435,0,0,Primary,8767
8769,3402,194436,0,0,FIELDCS2,8770
8773,3402,194478,0,0,Annotation,8774
8775,3402,194485,0,0,ElectricMotor,8776
8778,3402,194506,0,0,CentrifugalPump,8779
8780,3402,194507,0,0,Annotation,8781
8783,3402,194577,0,0,FIELDDCS3,8784
8785,3402,194591,0,0,FIELDCS2,8786
8789,3402,194673,0,0,Annotation,8790
8791,3402,194680,0,0,ElectricMotor,8792
8794,3402,194709,0,0,CentrifugalPump,8795
8796,3402,194702,0,0,Annotation,8797
8798,3402,194710,0,0,Primary,8799
8803,3402,194720,0,0,Annotation,8804
8805,3402,194727,0,0,ConcentricReducer,8806
8809,3402,194729,0,0,Annotation,8810
8815,3402,194740,0,0,Annotation,8816
8818,3402,194750,0,0,Annotation,8819
8821,3402,194760,0,0,Annotation,8822
8834,3402,194788,0,0,Annotation,8835
8836,3402,194795,0,0,ConcentricReducer,8837
8838,3402,194796,0,0,Primary,8839
8840,3402,194838,0,0,Annotation,8841
8843,3402,194848,0,0,Annotation,8844
8845,3402,194898,0,0,Annotation,8846
8847,3402,194908,0,0,Annotation,8848
8849,3402,194918,0,0,Primary,8850
8851,3402,194919,0,0,Primary,8852
8858,3402,194921,0,0,Primary,8859
8860,3402,194922,0,0,Primary,8861
8862,3402,194923,0,0,Primary,8863
8867,3402,194924,0,0,FIELDCS2,8868
8869,3402,194980,0,0,FieldMountedDCS,8870
8871,3402,195027,0,0,Primary,8872
8874,3402,195028,0,0,FieldMountedDCS,8875
8878,3402,195043,0,0,Annotation,8879
8880,3402,195050,0,0,ConcentricReducer,8881
8882,3402,195051,0,0,Primary,8883
8884,3402,195053,0,0,Primary,8885
8887,3402,195054,0,0,Annotation,8888
8890,3402,195097,0,0,FieldMountedDCS,8891
8892,3402,195111,0,0,Annotation,8893
8894,3402,195118,0,0,ConcentricReducer,8895
8896,3402,195121,0,0,Primary,8897
8902,3402,195123,0,0,Primary,8903
8904,3402,195124,0,0,FieldMountedDCS,8905
8906,3402,195138,0,0,Primary,8907
8909,3402,195139,0,0,FieldMountedDCS,8910
8911,3402,195153,0,0,FIELDCS2,8912
8913,3402,195242,0,0,Software,8914
8915,3402,195243,0,0,Software,8916
8919,3402,195244,0,0,FieldMountedDCS,8920
8921,3402,195258,0,0,Primary,8922
8924,3402,195259,0,0,FlexibleHose,8925
9006,3402,195377,0,0,FlexibleHose,9007
9008,3402,195384,0,0,Primary,9009
9010,3402,195385,0,0,Primary,9011
9012,3402,195386,0,0,Primary,9013
9014,3402,195387,0,0,Primary,9015
9016,3402,195388,0,0,Primary,9017
9026,3402,195390,0,0,Annotation,9027
9029,3402,195413,0,0,AngleValve,9030
9031,3402,195400,0,0,Annotation,9032
9033,3402,195419,0,0,Annotation,9034
9036,3402,195429,0,0,Annotation,9037
9038,3402,195436,0,0,ConcentricReducer,9039
9040,3402,195437,0,0,Primary,9041
9042,3402,195438,0,0,FlangedNozzle,9043
9044,3402,195440,0,0,FieldMountedDCS,9045
9046,3402,195454,0,0,Primary,9047
9049,3402,195455,0,0,Annotation,9050
9051,3402,195462,0,0,ConcentricReducer,9052
9053,3402,195463,0,0,Primary,9054
9072,3402,195516,0,0,FieldMountedDCS,9073
9074,3402,195570,0,0,Primary,9075
9079,3402,195572,0,0,Annotation,9080
9081,3402,195579,0,0,ConcentricReducer,9082
9083,3402,195580,0,0,Primary,9084
9085,3402,195622,0,0,Annotation,9086
9087,3402,195632,0,0,Annotation,9088
9090,3402,195642,0,0,FieldMountedDCS,9091
9092,3402,195656,0,0,Primary,9093
9095,3402,195657,0,0,FlowArrow,9096
9097,3402,195659,0,0,Software,9098
9099,3402,195660,0,0,FieldMountedDCS,9101
9102,3402,195674,0,0,FieldMountedDCS,9103
9104,3402,195688,0,0,FIELDCS2,9105
9106,3402,195702,0,0,FlexibleHose,9107
9108,3402,195703,0,0,Primary,9109
9110,3402,195704,0,0,FlowArrow,9111
9112,3402,195705,0,0,Primary,9113
9118,3402,195708,0,0,Primary,9119
9120,3402,195709,0,0,Primary,9121
9122,3402,195710,0,0,Primary,9123
9130,3402,195711,0,0,Primary,9131
9139,3402,195761,0,0,Software,9140
9141,3402,195762,0,0,Software,9142
9145,3402,195764,0,0,FlowArrow,9146
9147,3402,195766,0,0,FieldMountedDCS,9148
9149,3402,195780,0,0,FieldMountedDCS,9150
9151,3402,195794,0,0,FIELDCS2,9152
9153,3402,195808,0,0,FieldMountedDCS,9154
9155,3402,195822,0,0,Primary,9156
9158,3402,195823,0,0,Annotation,9159
9161,3402,195834,0,0,Primary,9162
9164,3402,195835,0,0,FieldMountedDCS,9165
9169,3402,195891,0,0,Annotation,9170
9171,3402,195898,0,0,ConcentricReducer,9172
9173,3402,195899,0,0,Primary,9174
9175,3402,195900,0,0,Annotation,9176
9177,3402,195911,0,0,Primary,9178
9181,3402,195913,0,0,Primary,9182
9185,3402,195914,0,0,Primary,9186
9196,3402,195918,0,0,Annotation,9197
9202,3402,195929,0,0,Annotation,9203
9204,3402,195936,0,0,ConcentricReducer,9205
9206,3402,195937,0,0,Primary,9207
9208,3402,195938,0,0,Annotation,9209
9211,3402,195948,0,0,Software,9212
9213,3402,195949,0,0,Software,9214
9217,3402,195950,0,0,FieldMountedDCS,9218
9219,3402,195964,0,0,FieldMountedDCS,9220
9221,3402,195978,0,0,FIELDCS2,9222
9225,3402,195993,0,0,Software,9226
9227,3402,196006,0,0,GateValve,9228
9234,3402,196043,0,0,FlowArrow,9235
9236,3402,196044,0,0,FieldMountedDCS,9237
9238,3402,196058,0,0,Annotation,9239
9241,3402,196068,0,0,Primary,9242
9244,3402,196069,0,0,Primary,9245
9249,3402,196071,0,0,Annotation,9250
9252,3402,196123,0,0,Annotation,9253
9254,3402,196133,0,0,Primary,9255
9260,3402,196135,0,0,Annotation,9261
9262,3402,196142,0,0,ConcentricReducer,9263
9264,3402,196143,0,0,Primary,9265
9266,3402,196144,0,0,FieldMountedDCS,9267
9271,3402,196161,0,0,Primary,9272
9273,3402,196162,0,0,Primary,9274
9276,3402,196163,0,0,FieldMountedDCS,9277
9278,3402,196218,0,0,Primary,9279
9281,3402,196219,0,0,Annotation,9282
9284,3402,196270,0,0,Annotation,9285
9287,3402,196280,0,0,Annotation,9288
9289,3402,196287,0,0,ConcentricReducer,9290
9291,3402,196288,0,0,Primary,9292
9293,3402,196289,0,0,Primary,9294
9297,3402,196291,0,0,Primary,9298
9299,3402,196292,0,0,Primary,9301
9304,3402,196294,0,0,Primary,9305
9306,3402,196295,0,0,Primary,9307
9314,3402,196339,0,0,Annotation,9315
9317,3402,196349,0,0,Annotation,9318
9319,3402,196356,0,0,ConcentricReducer,9320
9321,3402,196357,0,0,Primary,9322
9323,3402,196398,0,0,Annotation,9324
9325,3402,196408,0,0,Annotation,9326
9327,3402,196418,0,0,Primary,9328
9330,3402,196419,0,0,FieldMountedDCS,9331
9332,3402,196433,0,0,Annotation,9333
9336,3402,196444,0,0,Annotation,9337
9338,3402,196451,0,0,ConcentricReducer,9339
9340,3402,196452,0,0,Primary,9341
9342,3402,196454,0,0,Annotation,9343
9345,3402,196464,0,0,Software,9346
9350,3402,196468,0,0,Software,9351
9353,3402,196469,0,0,FieldMountedDCS,9354
9355,3402,196483,0,0,FieldMountedDCS,9356
9357,3402,196538,0,0,Primary,9358
9363,3402,196540,0,0,GateValve,9364
9367,3402,196551,0,0,Annotation,9368
9369,3402,196571,0,0,GateValve,9370
9371,3402,196561,0,0,Annotation,9372
9373,3402,196577,0,0,Vessel,9374
9375,3402,196618,0,0,Annotation,9376
9378,3402,196628,0,0,Primary,9379
9384,3402,196631,0,0,Primary,9385
9386,3402,196632,0,0,Primary,9387
9390,3402,196634,0,0,Primary,9391
9392,3402,196635,0,0,Primary,9393
9394,3402,196636,0,0,Primary,9395
9398,3402,196638,0,0,Primary,9399
9401,3402,196639,0,0,Primary,9402
9409,3402,196643,0,0,Primary,9410
9411,3402,196644,0,0,Primary,9412
9413,3402,196645,0,0,Primary,9414
9415,3402,196646,0,0,Primary,9416
9417,3402,196647,0,0,Primary,9418
9419,3402,196648,0,0,Primary,9420
9427,3402,196652,0,0,Primary,9428
9429,3402,196653,0,0,Primary,9430
9431,3402,196654,0,0,Primary,9432
9435,3402,196656,0,0,Primary,9436
9437,3402,196657,0,0,Primary,9438
9470,3402,196721,0,0,Primary,9471
9473,3402,196722,0,0,Annotation,9474
9477,3402,196746,0,0,ConcentricReducer,9478
9479,3402,196739,0,0,Annotation,9480
9481,3402,196747,0,0,Primary,9482
9483,3402,196748,0,0,Annotation,9484
9489,3402,196760,0,0,Annotation,9490
9491,3402,196767,0,0,ConcentricReducer,9492
9493,3402,196768,0,0,Primary,9494
9497,3402,196779,0,0,GateValve,9498
9499,3402,196821,0,0,FlowArrow,9501
9502,3402,196822,0,0,FieldMountedDCS,9503
9504,3402,196836,0,0,FieldMountedDCS,9505
9506,3402,196850,0,0,FIELDCS2,9507
9508,3402,196923,0,0,VentCover,9509
9510,3402,196924,0,0,FIELDDCS3,9511
9514,3402,196939,0,0,Annotation,9515
9516,3402,196946,0,0,ConcentricReducer,9517
9520,3402,196972,0,0,Annotation,9521
9522,3402,196979,0,0,ConcentricReducer,9523
9524,3402,196980,0,0,Primary,9525
9526,3402,196981,0,0,Annotation,9527
9529,3402,197031,0,0,Annotation,9530
9531,3402,197041,0,0,Annotation,9532
9534,3402,197051,0,0,Annotation,9535
9537,3402,197101,0,0,Annotation,9538
9540,3402,197111,0,0,Annotation,9541
9543,3402,197161,0,0,Primary,9544
9546,3402,197162,0,0,Annotation,9547
9551,3402,197173,0,0,Annotation,9552
9553,3402,197180,0,0,ConcentricReducer,9554
9555,3402,197181,0,0,Primary,9556
9557,3402,197182,0,0,FieldMountedDCS,9558
9561,3402,197197,0,0,Primary,9562
9563,3402,197198,0,0,Annotation,9564
9565,3402,197205,0,0,ConcentricReducer,9566
9567,3402,197206,0,0,Primary,9568
9571,3402,197208,0,0,Annotation,9572
9573,3402,197215,0,0,ConcentricReducer,9574
9575,3402,197216,0,0,Primary,9576
9577,3402,197217,0,0,FieldMountedDCS,9578
9579,3402,197231,0,0,Primary,9580
9583,3402,197233,0,0,Primary,9584
9588,3402,197234,0,0,Annotation,9589
9591,3402,197244,0,0,Annotation,9592
9593,3402,197251,0,0,ConcentricReducer,9594
9595,3402,197252,0,0,Primary,9596
9597,3402,197293,0,0,Annotation,9598
9599,3402,197300,0,0,ConcentricReducer,9601
9602,3402,197301,0,0,Primary,9603
9604,3402,197302,0,0,Annotation,9605
9606,3402,197312,0,0,Annotation,9607
9609,3402,197322,0,0,Annotation,9610
9611,3402,197332,0,0,GateValve,9612
9613,3402,197333,0,0,Annotation,9614
9615,3402,197343,0,0,Annotation,9616
9617,3402,197350,0,0,ConcentricReducer,9618
9619,3402,197351,0,0,Primary,9620
9621,3402,197392,0,0,Annotation,9622
9623,3402,197420,0,0,Annotation,9624
9625,3402,197427,0,0,ElectricMotor,9626
9627,3402,197428,0,0,Annotation,9628
9629,3402,197435,0,0,CentrifugalPump,9630
9633,3402,197503,0,0,FIELDDCS3,9634
9635,3402,197517,0,0,FIELDCS2,9636
9642,3402,197588,0,0,Annotation,9643
9644,3402,197598,0,0,GateValve,9645
9646,3402,197599,0,0,Annotation,9647
9648,3402,197609,0,0,GateValve,9649
9650,3402,197610,0,0,Annotation,9651
9652,3402,197617,0,0,ConcentricReducer,9653
9654,3402,197618,0,0,Annotation,9655
9656,3402,197646,0,0,Annotation,9657
9658,3402,197653,0,0,ElectricMotor,9659
9661,3402,197663,0,0,FIELDDCS3,9662
9663,3402,197677,0,0,FieldMountedDCS,9664
9665,3402,197707,0,0,CentrifugalPump,9666
9702,3402,197804,0,0,Annotation,9703
9806,3402,199298,0,0,Annotation,9807
9809,3402,199861,0,0,Annotation,9810
9811,3402,200042,0,0,Annotation,9812
9813,3402,200170,0,0,Annotation,9814
9815,3402,200249,0,0,Annotation,9816
9817,3402,200765,0,0,Annotation,9818
9819,3402,200953,0,0,Annotation,9820
9821,3402,201111,0,0,Annotation,9822
9823,3402,201343,0,0,Annotation,9824
9825,3402,201682,0,0,Annotation,9826
9827,3402,202121,0,0,Annotation,9828
9831,3402,202587,0,0,Annotation,9832
9833,3402,203176,0,0,Annotation,9834
9835,3402,203558,0,0,Vessel,9836
9837,3402,203559,0,0,Annotation,9838
9839,3402,203626,0,0,Annotation,9840
9871,3402,204264,0,0,PressureReliefValve,9872
9874,3402,204265,0,0,PressureReliefValve,9875
9909,3402,219294,0,0,Annotation,9910
9915,3402,234103,0,0,Annotation,9916
9917,3402,234156,0,0,Annotation,9918
9920,3402,234163,0,0,Annotation,9921
9924,3402,234292,0,0,Annotation,9925
9926,3402,234308,0,0,Annotation,9927
9930,3402,234404,0,0,Annotation,9931
9932,3402,234417,0,0,Annotation,9933
9934,3402,234772,0,0,AngleValve,9935
10104,3402,239883,0,0,Annotation,10105
10107,3402,240006,0,0,AngleValve,10108
10109,3402,239987,0,0,Annotation,10110
10112,3402,240101,0,0,AngleValve,10113
10114,3402,240082,0,0,Annotation,10115
10116,3402,240102,0,0,Annotation,10117
10118,3402,240121,0,0,AngleValve,10119
10135,3402,251031,0,0,General1HeatExchanger,10136
10137,3402,251049,0,0,Annotation,10138
10144,3402,261989,0,0,Annotation,10145
10146,3402,262024,0,0,Annotation,10147
10148,3402,262031,0,0,General1HeatExchanger,10149
10150,3402,261996,0,0,Annotation,10151
10153,3402,262138,0,0,Annotation,10154
10155,3402,262145,0,0,General1HeatExchanger,10156
10157,3402,262110,0,0,Annotation,10158
10162,3402,262267,0,0,ElectricMotor,10163
10164,3402,262268,0,0,Annotation,10165
10167,3402,262354,0,0,Annotation,10168
10169,3402,262492,0,0,Annotation,10170
10171,3402,262516,0,0,Vessel,10172
10173,3402,262560,0,0,Annotation,10174
10175,3402,262585,0,0,FIELDCS2,10176
10178,3402,262599,0,0,FIELDDCS3,10179
10181,3402,262613,0,0,FIELDCS2,10182
10184,3402,262627,0,0,Annotation,10185
10186,3402,262634,0,0,ConcentricReducer,10187
10191,3402,262636,0,0,Primary,10192
10193,3402,262647,0,0,GateValve,10194
10195,3402,262637,0,0,Annotation,10196
10197,3402,262648,0,0,Annotation,10198
10199,3402,262658,0,0,GateValve,10201
10202,3402,262660,0,0,Annotation,10203
10204,3402,262685,0,0,Annotation,10205
10208,3402,262874,0,0,Annotation,10209
10210,3402,263322,0,0,Annotation,10211
10212,3402,263350,0,0,Annotation,10213
10214,3402,263778,0,0,Annotation,10215
10216,3402,264107,0,0,Annotation,10217
10218,3402,264434,0,0,Annotation,10219
10229,3402,264932,0,0,Primary,10230
10234,3402,264936,0,0,Jacketed,10235
10239,3402,264943,0,0,Jacketed,10240
10250,3402,264984,0,0,FlexibleHose,10251
10252,3402,264986,0,0,Primary,10253
10254,3402,264987,0,0,FlowArrow,10255
10260,3402,264990,0,0,FlowArrow,10261
10268,3402,265075,0,0,FlexibleHose,10269
10277,3402,265091,0,0,CheckValve,10278
10279,3402,265081,0,0,Annotation,10280
10287,3402,265135,0,0,FlowArrow,10288
10289,3402,265136,0,0,Primary,10290
10291,3402,265138,0,0,Jacketed,10292
10294,3402,265142,0,0,Jacketed,10295
10306,3402,265147,0,0,FlowArrow,10307
10317,3402,265153,0,0,Primary,10318
10322,3402,265155,0,0,FlowArrow,10323
10324,3402,265157,0,0,Jacketed,10325
10404,3402,265241,0,0,Jacketed,10405
10414,3402,265254,0,0,Primary,10415
10421,3402,265257,0,0,Primary,10422
10423,3402,265258,0,0,Primary,10424
10427,3402,265260,0,0,Primary,10428
10429,3402,265261,0,0,Annotation,10430
10431,3402,265268,0,0,ConcentricReducer,10432
10433,3402,265269,0,0,Primary,10434
10435,3402,265271,0,0,Jacketed,10436
10440,3402,265275,0,0,Primary,10441
10446,3402,265278,0,0,Primary,10447
10449,3402,265281,0,0,Primary,10450
10452,3402,265289,0,0,Jacketed,10453
10455,3402,265291,0,0,Primary,10456
10458,3402,265293,0,0,Primary,10459
10461,3402,265331,0,0,Jacketed,10462
10466,3402,265334,0,0,Jacketed,10467
10477,3402,265339,0,0,Jacketed,10478
10485,3402,265343,0,0,Jacketed,10486
10488,3402,265345,0,0,Primary,10489
10491,3402,265347,0,0,Primary,10492
10494,3402,265390,0,0,Jacketed,10495
10504,3402,265395,0,0,Jacketed,10505
10515,3402,271037,0,0,Jacketed,10516
10520,3402,271040,0,0,Jacketed,10521
10528,3402,271044,0,0,Primary,10529
10539,3402,271049,0,0,Primary,10540
10541,3402,271050,0,0,FlowArrow,10542
10543,3402,271052,0,0,Jacketed,10544
10554,3402,271132,0,0,Jacketed,10555
10559,3402,271135,0,0,Jacketed,10560
10566,3402,271139,0,0,Jacketed,10567
10577,3402,271145,0,0,Primary,10578
10589,3402,271150,0,0,Primary,10590
10591,3402,271151,0,0,Primary,10592
10597,3402,271164,0,0,GateValve,10598
10599,3402,271154,0,0,Annotation,10601
10602,3402,271165,0,0,Primary,10603
10604,3402,271166,0,0,Primary,10605
10608,3402,271169,0,0,Jacketed,10609
10619,3402,271175,0,0,Primary,10620
10634,3402,271182,0,0,Primary,10635
10640,3402,271185,0,0,Primary,10641
10642,3402,271186,0,0,Primary,10643
10646,3402,271224,0,0,Primary,10647
10652,3402,271227,0,0,FlowArrow,10653
10654,3402,271228,0,0,FlowArrow,10655
10656,3402,271229,0,0,FlowArrow,10657
10660,3402,271231,0,0,Primary,10661
10670,3402,271236,0,0,Primary,10671
10672,3402,271278,0,0,Jacketed,10673
10687,3402,271285,0,0,Jacketed,10688
10704,3402,271306,0,0,Annotation,10705
10706,3402,271313,0,0,ConcentricReducer,10707
10708,3402,271314,0,0,Primary,10709
10710,3402,271316,0,0,Jacketed,10711
10715,3402,271322,0,0,Primary,10716
10718,3402,271323,0,0,Jacketed,10719
10723,3402,271329,0,0,Jacketed,10724
10725,3402,271330,0,0,Jacketed,10726
10729,3402,271332,0,0,Jacketed,10730
10740,3402,271337,0,0,Jacketed,10741
10744,3402,271340,0,0,Primary,10745
10747,3402,271342,0,0,Primary,10748
10756,3402,271346,0,0,Primary,10757
10758,3402,271347,0,0,Primary,10759
10765,3402,271388,0,0,Annotation,10766
10767,3402,271398,0,0,CheckValve,10768
10769,3402,271399,0,0,Primary,10770
10771,3402,271400,0,0,Primary,10772
10773,3402,271402,0,0,Primary,10774
10776,3402,271403,0,0,Annotation,10777
10778,3402,271438,0,0,CentrifugalPump,10779
10780,3402,271410,0,0,Annotation,10781
10782,3402,271530,0,0,Jacketed,10783
10793,3402,271536,0,0,Primary,10794
10805,3402,271625,0,0,Jacketed,10806
10807,3402,271626,0,0,Jacketed,10808
10813,3402,271628,0,0,Jacketed,10814
10816,3402,271673,0,0,Jacketed,10817
10820,3402,271675,0,0,Jacketed,10821
10828,3402,271680,0,0,Jacketed,10829
10833,3402,271684,0,0,Primary,10834
10846,3402,271691,0,0,Primary,10847
10851,3402,271695,0,0,Jacketed,10852
10864,3402,271743,0,0,Jacketed,10865
10867,3402,271746,0,0,Jacketed,10868
10878,3402,271751,0,0,Jacketed,10879
10880,3402,271753,0,0,Primary,10881
10883,3402,271755,0,0,Primary,10884
10890,3402,271758,0,0,Primary,10891
10892,3402,271761,0,0,Jacketed,10893
10894,3402,271762,0,0,Jacketed,10895
10898,3402,271764,0,0,Primary,10899
10908,3402,271768,0,0,Primary,10909
10912,3402,271770,0,0,Jacketed,10913
10917,3402,271772,0,0,Jacketed,10918
10919,3402,271773,0,0,Jacketed,10920
10923,3402,271775,0,0,Jacketed,10924
10932,3402,271789,0,0,GateValve,10933
10934,3402,271779,0,0,Annotation,10935
10965,3402,272305,0,0,Primary,10966
10974,3402,272321,0,0,Primary,10975
10978,3402,272323,0,0,Primary,10979
10980,3402,272334,0,0,GateValve,10981
10982,3402,272324,0,0,Annotation,10983
10996,3402,272559,0,0,Primary,10997
10998,3402,272560,0,0,Primary,10999
11140,3402,273018,0,0,Primary,11141
11150,3402,273153,0,0,Primary,11151
11154,3402,273158,0,0,Primary,11155
11165,3402,273255,0,0,Primary,11166
11206,3402,273749,0,0,Primary,11207
11209,3402,273750,0,0,Primary,11210
11211,3402,273757,0,0,Primary,11212
11214,3402,273758,0,0,Jacketed,11215
11216,3402,273759,0,0,Jacketed,11217
11220,3402,273761,0,0,Primary,11221
11222,3402,273762,0,0,Primary,11223
11230,3402,273850,0,0,FlowArrow,11231
11232,3402,273891,0,0,FlexibleHose,11233
11242,3402,279929,0,0,Annotation,11243
11246,3402,285714,0,0,Annotation,11247
11256,3402,297309,0,0,Annotation,11257
11258,3402,308949,0,0,Annotation,11259
11260,3402,308956,0,0,Annotation,11261
11262,3402,308963,0,0,Annotation,11263
11264,3402,308970,0,0,Annotation,11265
11266,3402,308977,0,0,Annotation,11267
11268,3402,308984,0,0,Annotation,11269
11270,3402,308991,0,0,Annotation,11271
11273,3402,309038,0,0,Annotation,11274
11275,3402,309091,0,0,Annotation,11276
11277,3402,309098,0,0,Annotation,11278
11279,3402,309105,0,0,Annotation,11280
11281,3402,309112,0,0,Annotation,11282
11283,3402,309119,0,0,Annotation,11284
11285,3402,309126,0,0,Annotation,11286
11287,3402,309133,0,0,Annotation,11288
11289,3402,309140,0,0,Annotation,11290
11291,3402,309147,0,0,Annotation,11292
11293,3402,309154,0,0,Primary,11294
11296,3402,309155,0,0,Primary,11297
11299,3402,309157,0,0,Primary,11301
11303,3402,309159,0,0,Jacketed,11304
11306,3402,309162,0,0,Jacketed,11307
11309,3402,309207,0,0,Annotation,11310
11311,3402,309214,0,0,Annotation,11312
11313,3402,309221,0,0,Annotation,11314
11315,3402,309228,0,0,Annotation,11316
11317,3402,309235,0,0,Annotation,11318
11402,3402,309339,0,0,Annotation,11403
11404,3402,309346,0,0,Annotation,11405
11406,3402,309353,0,0,Annotation,11407
11408,3402,309360,0,0,Annotation,11409
11410,3402,309367,0,0,Annotation,11411
11412,3402,309374,0,0,Annotation,11413
11414,3402,309381,0,0,Annotation,11415
11416,3402,309388,0,0,Annotation,11417
11418,3402,309395,0,0,Annotation,11419
11420,3402,309448,0,0,Annotation,11421
11422,3402,309455,0,0,Annotation,11423
11424,3402,309462,0,0,Annotation,11425
11426,3402,309469,0,0,Annotation,11427
11428,3402,309476,0,0,Annotation,11429
11430,3402,309483,0,0,Annotation,11431
11432,3402,309490,0,0,Annotation,11433
11434,3402,309497,0,0,Annotation,11435
11436,3402,309504,0,0,Annotation,11437
11438,3402,309511,0,0,Annotation,11439
11440,3402,309600,0,0,Primary,11441
11445,3402,309772,0,0,Annotation,11446
11453,3402,310069,0,0,Jacketed,11454
11459,3402,310117,0,0,Primary,11460
11476,3402,310284,0,0,Primary,11477
11502,3402,310388,0,0,Primary,11503
11507,3402,310431,0,0,Primary,11508
11702,3402,310724,0,0,Primary,11703
11709,3402,310729,0,0,Primary,11710
11903,11901,42066,0,0,HoseConnection,11904
11905,11901,42086,0,0,Silo,11906
11911,11901,42203,0,0,Primary,11912
11928,11901,42273,0,0,GateValve,11929
11930,11901,42283,0,0,CapillaryTube,11931
11933,11901,42307,0,0,Solenoid,11934
11935,11901,42341,0,0,FieldMountedDiscreteInstrument,11936
11940,11901,42349,0,0,Tubing,11941
11943,11901,42350,0,0,FlowArrow,11944
12004,11901,42435,0,0,OpenTopTank,12005
12006,11901,42443,0,0,Tubing,12007
12010,11901,42506,0,0,Primary,12011
12012,11901,42507,0,0,FlowArrow,12013
12030,11901,42516,0,0,Primary,12031
12035,11901,42548,0,0,DoubleWallTank,12036
12038,11901,42575,0,0,BladeAgitator,12039
12043,11901,42623,0,0,FieldMountedDiscreteInstrument,12044
12046,11901,42790,0,0,Tubing,12047
12049,11901,42795,0,0,FieldMountedDiscreteInstrument,12050
12052,11901,42796,0,0,Primary,12053
12054,11901,42797,0,0,FlowArrow,12055
12057,11901,43316,0,0,RotaryMotor,12058
12059,11901,43321,0,0,FieldMountedDiscreteInstrument,12060
12061,11901,43330,0,0,FieldMountedDiscreteInstrument,12062
12065,11901,43357,0,0,FieldMountedDiscreteInstrument,12066
12069,11901,43380,0,0,Tubing,12070
12072,11901,43392,0,0,GateValve,12073
12074,11901,43393,0,0,Primary,12075
12076,11901,43394,0,0,FlowArrow,12077
12079,11901,43395,0,0,CapillaryTube,12080
12082,11901,43401,0,0,Solenoid,12083
12084,11901,43407,0,0,Tubing,12085
12107,11901,43415,0,0,Tubing,12108
12110,11901,43420,0,0,FieldMountedDiscreteInstrument,12111
12112,11901,43425,0,0,FieldMountedDiscreteInstrument,12113
12116,11901,43435,0,0,OpenTopTank,12117
12119,11901,43458,0,0,Primary,12120
12121,11901,43459,0,0,FlowArrow,12122
12124,11901,43460,0,0,Primary,12125
12126,11901,43461,0,0,FlowArrow,12127
12137,11901,43465,0,0,FlowArrow,12138
12139,11901,43472,0,0,DoubleWallTank,12140
12142,11901,43473,0,0,Primary,12143
12144,11901,43474,0,0,FlowArrow,12145
12147,11901,43495,0,0,BladeAgitator,12148
12149,11901,43500,0,0,FieldMountedDiscreteInstrument,12150
12151,11901,43505,0,0,FieldMountedDiscreteInstrument,12152
12153,11901,43506,0,0,Tubing,12154
12156,11901,43507,0,0,Tubing,12157
12164,11901,43519,0,0,FieldMountedDiscreteInstrument,12165
12166,11901,43524,0,0,FieldMountedDiscreteInstrument,12167
12170,11901,43532,0,0,GateValve,12171
12172,11901,43541,0,0,GateValve,12173
12174,11901,43550,0,0,GateValve,12175
12176,11901,43559,0,0,GateValve,12177
12180,11901,43579,0,0,GateValve,12181
12182,11901,43591,0,0,GateValve,12183
12184,11901,43612,0,0,Silo,12185
12187,11901,43621,0,0,OpenTopTank,12188
12190,11901,43622,0,0,Primary,12191
12192,11901,43623,0,0,Primary,12193
12196,11901,43624,0,0,Primary,12197
12199,11901,43625,0,0,Primary,12201
12203,11901,43626,0,0,Primary,12204
12206,11901,43627,0,0,Primary,12207
12208,11901,43628,0,0,Primary,12209
12210,11901,43629,0,0,FlowArrow,12211
12214,11901,43630,0,0,Primary,12215
12216,11901,43631,0,0,FlowArrow,12217
12219,11901,43632,0,0,Primary,12220
12221,11901,43633,0,0,FlowArrow,12222
12224,11901,43634,0,0,Primary,12225
12226,11901,43635,0,0,FlowArrow,12227
12229,11901,43636,0,0,Primary,12230
12231,11901,43637,0,0,FlowArrow,12232
12234,11901,43638,0,0,Primary,12235
12236,11901,43639,0,0,FlowArrow,12237
12239,11901,43640,0,0,Primary,12240
12242,11901,43641,0,0,Primary,12243
12244,11901,43642,0,0,FlowArrow,12245
12247,11901,43643,0,0,Primary,12248
12249,11901,43644,0,0,FlowArrow,12250
12252,11901,43645,0,0,Primary,12253
12254,11901,43646,0,0,FlowArrow,12255
12256,11901,43647,0,0,Primary,12257
12258,11901,43648,0,0,Primary,12259
12263,11901,43649,0,0,Primary,12264
12266,11901,43670,0,0,BlindFlange,12267
12268,11901,43677,0,0,BlindFlange,12269
12271,11901,43730,0,0,Primary,12272
12276,11901,43738,0,0,Tubing,12277
12279,11901,43739,0,0,Tubing,12280
12282,11901,43740,0,0,Tubing,12283
12285,11901,43745,0,0,FieldMountedDiscreteInstrument,12286
12287,11901,43750,0,0,FieldMountedDiscreteInstrument,12288
12289,11901,43755,0,0,FieldMountedDiscreteInstrument,12290
12291,11901,43760,0,0,FieldMountedDiscreteInstrument,12292
12293,11901,43765,0,0,FieldMountedDiscreteInstrument,12294
12295,11901,43770,0,0,FieldMountedDiscreteInstrument,12296
12297,11901,43775,0,0,FieldMountedDiscreteInstrument,12298
12299,11901,43780,0,0,FieldMountedDiscreteInstrument,12301
12302,11901,43781,0,0,CapillaryTube,12303
12305,11901,43786,0,0,FieldMountedDiscreteInstrument,12306
12307,11901,43791,0,0,FieldMountedDiscreteInstrument,12308
12309,11901,43796,0,0,FieldMountedDiscreteInstrument,12310
12319,11901,43807,0,0,FieldMountedDiscreteInstrument,12320
12324,11901,43808,0,0,Tubing,12325
12327,11901,43813,0,0,FieldMountedDiscreteInstrument,12328
12330,11901,43814,0,0,Tubing,12331
12341,11901,43830,0,0,Electrical,12342
12344,11901,43831,0,0,Electrical,12345
12346,11901,43832,0,0,Electrical,12347
12348,11901,43833,0,0,Electrical,12349
12350,11901,43834,0,0,Electrical,12351
12352,11901,43835,0,0,Electrical,12353
12354,11901,43836,0,0,Electrical,12355
12356,11901,43837,0,0,Electrical,12357
12358,11901,43838,0,0,Electrical,12359
12360,11901,43839,0,0,Electrical,12361
12362,11901,43840,0,0,Electrical,12363
12364,11901,43841,0,0,Electrical,12365
12366,11901,43842,0,0,Electrical,12367
12380,11901,43843,0,0,Tubing,12381
12383,11901,43844,0,0,CapillaryTube,12384
12386,11901,43849,0,0,Solenoid,12387
12388,11901,43850,0,0,Tubing,12389
12391,11901,43851,0,0,Tubing,12392
12395,11901,43878,0,0,Primary,12396
12397,11901,43879,0,0,FlowArrow,12398
12401,11901,43886,0,0,FieldMountedDiscreteInstrument,12402
12404,11901,43891,0,0,FieldMountedDiscreteInstrument,12405
12406,11901,43896,0,0,FieldMountedDiscreteInstrument,12407
12408,11901,43901,0,0,FieldMountedDiscreteInstrument,12409
12411,11901,43906,0,0,FieldMountedDiscreteInstrument,12412
12414,11901,43913,0,0,RotaryMotor,12415
12416,11901,43935,0,0,CentrifugalPump,12417
12419,11901,44016,0,0,Primary,12420
12426,11901,44019,0,0,Electrical,12427
12429,11901,44020,0,0,Electrical,12430
12432,11901,44021,0,0,Electrical,12433
12435,11901,44035,0,0,FlowArrow,12436
12437,11901,44036,0,0,Primary,12438
12439,11901,44037,0,0,FlowArrow,12440
12441,11901,44038,0,0,FlowArrow,12442
12444,11901,44049,0,0,Primary,12445
12449,11901,44051,0,0,FlowArrow,12450
12451,11901,44052,0,0,Primary,12452
12453,11901,44053,0,0,FlowArrow,12454
12456,11901,44061,0,0,GateValve,12457
12458,11901,44069,0,0,GateValve,12459
12460,11901,44070,0,0,Primary,12461
12462,11901,44071,0,0,Primary,12463
12466,11901,44072,0,0,Primary,12467
12469,11901,44073,0,0,Primary,12470
12472,11901,44074,0,0,Tubing,12473
12475,11901,44083,0,0,GateValve,12476
12477,11901,44084,0,0,Primary,12478
12479,11901,44085,0,0,FlowArrow,12480
12482,11901,44087,0,0,Primary,12483
12484,11901,44088,0,0,FlowArrow,12485
12487,11901,44089,0,0,Primary,12488
12492,11901,44091,0,0,Primary,12493
12497,11901,44093,0,0,Primary,12498
12501,11901,44094,0,0,Primary,12502
12503,11901,44095,0,0,FlowArrow,12504
12506,11901,44096,0,0,Primary,12507
12508,11901,44097,0,0,FlowArrow,12509
12511,11901,44117,0,0,Primary,12512
12515,11901,44119,0,0,FlowArrow,12516
12518,11901,44124,0,0,FieldMountedDiscreteInstrument,12519
12520,11901,44125,0,0,Tubing,12521
12523,11901,44159,0,0,FlowConditioningDevice,12524
12525,11901,44160,0,0,Primary,12526
12530,11901,44162,0,0,Primary,12531
12532,11901,44163,0,0,FlowArrow,12533
12535,11901,44185,0,0,GateValve,12536
12537,11901,44186,0,0,CapillaryTube,12538
12540,11901,44191,0,0,Solenoid,12541
12542,11901,44192,0,0,Tubing,12543
12545,11901,44193,0,0,Tubing,12546
12550,11901,44262,0,0,Secondary,12551
12552,11901,44263,0,0,Secondary,12553
12554,11901,44264,0,0,Secondary,12555
12559,11901,44265,0,0,Secondary,12560
12561,11901,44266,0,0,Secondary,12562
12563,11901,44267,0,0,Secondary,12564
12568,11901,44268,0,0,Secondary,12569
12570,11901,44269,0,0,Secondary,12571
12572,11901,44270,0,0,Secondary,12573
12574,11901,44271,0,0,Secondary,12575
12580,11901,44300,0,0,Flange,12581
12582,11901,44308,0,0,Flange,12583
12584,11901,44318,0,0,GateValve,12585
12586,11901,44327,0,0,GateValve,12587
12589,11901,44417,0,0,Orifice,12590
12591,11901,44426,0,0,GateValve,12592
12593,11901,44447,0,0,ManualOperator,12594
12597,11901,44488,0,0,GateValve,12598
12599,11901,44497,0,0,GateValve,12601
12602,11901,44503,0,0,ManualOperator,12603
12604,11901,44509,0,0,ManualOperator,12605
12606,11901,44515,0,0,ManualOperator,12607
12608,11901,44521,0,0,ManualOperator,12609
12610,11901,44530,0,0,GateValve,12611
12612,11901,44536,0,0,ManualOperator,12613
12614,11901,44544,0,0,GateValve,12615
12616,11901,44553,0,0,GateValve,12617
12618,11901,44562,0,0,GateValve,12619
12620,11901,44568,0,0,ManualOperator,12621
12622,11901,44574,0,0,ManualOperator,12623
12624,11901,44580,0,0,ManualOperator,12625
12626,11901,44586,0,0,ManualOperator,12627
12628,11901,44593,0,0,GateValve,12629
12630,11901,44657,0,0,CheckValve,12631
12632,11901,44681,0,0,CheckValve,12633
12636,11901,44683,0,0,FlowArrow,12637
12638,11901,44684,0,0,FlowArrow,12639
12640,11901,44715,0,0,OffPageConnector,12641
12642,11901,44744,0,0,FlowArrow,12643
12644,11901,44754,0,0,FlowArrow,12645
12646,11901,44760,0,0,Solenoid,12647
12648,11901,44766,0,0,ElectromagneticSignal,12649
12651,11901,44785,0,0,FlowConditioningDevice,12652
