PnPID,DwgGuid,HistoryGuid,Author,Startdate,Enddate,Status,Notes
562,{EAFFECE6-D512-454D-A5AE-64A2A777A09E},{ee57b452-a946-456b-a250-b1c58b64ba51},paula,638947604077882564,638947668962967682,<Unassigned>,
601,{EAFFECE6-D512-454D-A5AE-64A2A777A09E},{7c4d3bbc-2c80-4ca3-9114-8abd46c67b33},paula,638948314889381057,638948314889381057,<Unassigned>,
701,{EAFFECE6-D512-454D-A5AE-64A2A777A09E},{2fa6e978-e2ef-4462-8ba6-698c7244d37a},paula,638949006538823551,638949006538823551,<Unassigned>,
901,{EAFFECE6-D512-454D-A5AE-64A2A777A09E},{bcf2c256-0c9d-42d5-8ce5-6bee3838c49b},paula,638949907752043151,638949944793509836,<Unassigned>,
1001,{EAFFECE6-D512-454D-A5AE-64A2A777A09E},{066777eb-08a1-4aea-a157-0b3c0be2d220},paula,638949967262100133,638949967262100133,<Unassigned>,
1101,{EAFFECE6-D512-454D-A5AE-64A2A777A09E},{3d3ac9fb-91cf-42e6-b418-f8b23038bc95},paula,638950529790720998,638950560482709101,<Unassigned>,
1201,{EAFFECE6-D512-454D-A5AE-64A2A777A09E},{918efe73-b050-46b8-a8a7-d3a0121d61fb},paula,638950705405469826,638950762098116248,<Unassigned>,
1301,{EAFFECE6-D512-454D-A5AE-64A2A777A09E},{a83f4662-9f3b-4048-843b-84747afc8057},paula,638953343681173429,638953343681173429,<Unassigned>,
1401,{EAFFECE6-D512-454D-A5AE-64A2A777A09E},{a8dc4ede-a732-4a70-862a-5f760faabe75},paula,638954007910862008,638954009567652586,<Unassigned>,
3403,{5F08D257-2388-CF4E-8A19-12D74AEAD17B},{99453dee-ff0a-4f7e-9b10-a0231f62588f},Engineer Checker,638954971091095016,638955036041110039,<Unassigned>,
6101,{5F08D257-2388-CF4E-8A19-12D74AEAD17B},{77056630-5271-4333-975f-1ae33f885501},Engineer Checker,638955036870624606,638955052293336621,<Unassigned>,
6202,{5F08D257-2388-CF4E-8A19-12D74AEAD17B},{54679ef8-fa71-4d1c-ae1b-51004746d00e},Engineer Checker,638955054927079803,638955141576273922,<Unassigned>,
6415,{966BC752-92FE-8642-ACF4-5CCD14E6485F},{6b60598d-58ee-4926-a954-5009332e0293},Engineer Checker,638955118451528326,638955141715226237,<Unassigned>,
7192,{966BC752-92FE-8642-ACF4-5CCD14E6485F},{22500acb-9b56-4db1-8a28-755905f529b6},Design Engineer,638955856970195505,638955856970195505,<Unassigned>,
7261,{5F08D257-2388-CF4E-8A19-12D74AEAD17B},{007c890f-6755-4ee1-aa10-0cdff7616e66},Design Engineer,638955900751346072,638955900751346072,<Unassigned>,
7601,{5F08D257-2388-CF4E-8A19-12D74AEAD17B},{67623ebb-6e4d-422a-9e79-76f497f00cd4},Design Engineer,638956009212342721,638956046409980549,<Unassigned>,
7901,{5F08D257-2388-CF4E-8A19-12D74AEAD17B},{532969a9-7d46-4376-9fb1-aeb10eb2494f},Design Engineer,638956590018278633,638956709891536348,<Unassigned>,
8103,{966BC752-92FE-8642-ACF4-5CCD14E6485F},{ab04aa7f-8e67-415a-a5dd-3398019cc3ec},Design Engineer,638956619769107208,638956709962416063,<Unassigned>,
8401,{5F08D257-2388-CF4E-8A19-12D74AEAD17B},{cb6c6c64-2ff4-4cac-a220-1e6ddd93b8f3},Design Engineer,638956710344360563,638956837362124839,<Unassigned>,
9001,{5F08D257-2388-CF4E-8A19-12D74AEAD17B},{5eab19b0-9157-41c0-9fae-97ff5c0863f0},Design Engineer,638956837887678221,638956913682456596,<Unassigned>,
9701,{5F08D257-2388-CF4E-8A19-12D74AEAD17B},{c9558ca4-60bb-4714-8a05-eaac311eaef5},Design Engineer,638956914072762183,638956915498519817,<Unassigned>,
9801,{5F08D257-2388-CF4E-8A19-12D74AEAD17B},{06d40cdf-659f-4636-b72c-4f0f8189b1f0},Design Engineer,638959153755385682,638959192871411194,<Unassigned>,
9901,{5F08D257-2388-CF4E-8A19-12D74AEAD17B},{748e8e26-0f49-45d0-8501-768661e23c5d},Design Engineer,638959193214680833,638959193214680833,<Unassigned>,
10001,{5F08D257-2388-CF4E-8A19-12D74AEAD17B},{f8e28f5a-2a7f-4128-ac11-cef2a14c0de9},Design Engineer,638959216060738607,638959217031503275,<Unassigned>,
10101,{5F08D257-2388-CF4E-8A19-12D74AEAD17B},{545e3082-23ce-412a-a8f5-c78f7fc99413},Design Engineer,638959217657129880,638959312984727800,<Unassigned>,
10130,{966BC752-92FE-8642-ACF4-5CCD14E6485F},{ac80487f-de90-45a5-8b65-999291380df4},Design Engineer,638959231159345710,638959313018950178,<Unassigned>,
10401,{5F08D257-2388-CF4E-8A19-12D74AEAD17B},{e909d73e-fa67-498d-9eb8-4ed99701ff7d},Design Engineer,638959313612622791,638959372251239412,<Unassigned>,
11101,{5F08D257-2388-CF4E-8A19-12D74AEAD17B},{7a772621-10f9-4854-b319-e4f5cb114dba},Design Engineer,638959372558145114,638959415340985948,<Unassigned>,
11401,{5F08D257-2388-CF4E-8A19-12D74AEAD17B},{b56c7c35-f654-41f0-99ba-98e9b503ddf2},Design Engineer,638959415601646342,638959459258522950,<Unassigned>,
11501,{5F08D257-2388-CF4E-8A19-12D74AEAD17B},{fbfb7483-f43e-4e4f-ab59-ff4807095652},Design Engineer,638959459605868643,638959483031984992,<Unassigned>,
11701,{5F08D257-2388-CF4E-8A19-12D74AEAD17B},{818b6098-c071-47b2-af48-a0f8d112c547},Design Engineer,638959483332103782,638959500504172008,<Unassigned>,
11902,{42E70D87-F2AF-CF4B-82ED-76298D0A4A88},{f6478ec5-5f23-477a-9b65-8031d8d65cc5},paula,638977296779599346,638977302030281230,<Unassigned>,
12001,{42E70D87-F2AF-CF4B-82ED-76298D0A4A88},{c5ac81a2-1e82-4a51-a142-7e9af4090943},Design Engineer 10,638977303997172000,638977364191442465,<Unassigned>,
12270,{42E70D87-F2AF-CF4B-82ED-76298D0A4A88},{52edc2bd-bf20-4e2f-96eb-5fa2939188de},Design Engineer 10,638977364260222652,638977403368132897,<Unassigned>,
12588,{42E70D87-F2AF-CF4B-82ED-76298D0A4A88},{cf9ccc55-1d0c-433e-8641-80167957934d},Design Engineer 10,638977403438019027,638977417349766164,<Unassigned>,
12701,{42E70D87-F2AF-CF4B-82ED-76298D0A4A88},{284617ff-d36e-43bf-b280-07f17f45d1da},paula,638977422974323790,638977426125578532,<Unassigned>,
